id,firstname,lastname,email,email2,profession,field_6,field_7,field_8,field_9,field_10
100,James,Green,James.Green@yopmail.com,James.Green@gmail.com,police officer,Low,"{'id': '51e97b8a', 'status': 'active'}",f8ac9fd2893c85ab795a128d2611bcf8,Fashion designer at Whitaker Ltd,Reading
101,Benjamin,Abbott,Benjamin.Abbott@yopmail.com,Benjamin.Abbott@gmail.com,doctor,Low,"{'id': 'c57d92c4', 'status': 'active'}",5ad8666b896eb3fdfe1e7ed3657651bb,"Programme researcher, broadcasting/film/video at Gonzalez, Poole and Harrison","Reading, Sports"
102,Stephanie,Horton,Stephanie.Horton@yopmail.com,Stephanie.Horton@gmail.com,doctor,Low,"{'id': '3ad014c6', 'status': 'active'}",6b878d666b3a57cba1d6bf46f2866fc0,"Designer, jewellery at Lee PLC",None
103,Gary,Brown,Gary.Brown@yopmail.com,Gary.Brown@gmail.com,police officer,Medium,"{'id': '680f40e7', 'status': 'active'}",5c83fa2d76827adb521c6f4968cbbdfb,"Designer, textile at Coleman-Robinson",None
104,Jamie,Velasquez,Jamie.Velasquez@yopmail.com,Jamie.Velasquez@gmail.com,police officer,Medium,"{'id': 'bdd36eb0', 'status': 'active'}",e01a1fbbb7f51d81f92f2d27492283ba,Dancer at Snyder-Myers,Sports
105,Christy,Lewis,Christy.Lewis@yopmail.com,Christy.Lewis@gmail.com,doctor,Low,"{'id': 'cfcc576c', 'status': 'active'}",b1725a80c1fb1f7ed35924d0909ac228,Contracting civil engineer at Johnson PLC,Reading
106,Steven,Obrien,Steven.Obrien@yopmail.com,Steven.Obrien@gmail.com,police officer,Low,"{'id': 'ee161c4c', 'status': 'active'}",712154f892e4c05796b9bdfe5d4112fd,"Scientist, water quality at Leach-West",None
107,Jennifer,Thompson,Jennifer.Thompson@yopmail.com,Jennifer.Thompson@gmail.com,firefighter,Low,"{'id': '03e3d6f1', 'status': 'active'}",7d849bbceb6a13c6887ce810122fd316,"Speech and language therapist at Morrison, Eaton and Moore",Reading
108,James,Wells,James.Wells@yopmail.com,James.Wells@gmail.com,doctor,Low,"{'id': 'c9de2891', 'status': 'active'}",87a6dbdc554ae3ca3f5c9bd234c9a20f,"Charity fundraiser at Stewart, Morales and Becker",Reading
109,Bradley,Brown,Bradley.Brown@yopmail.com,Bradley.Brown@gmail.com,doctor,Low,"{'id': 'd9c8e2dc', 'status': 'active'}",1f3f8a07e1501dbe9bbc1dc75e5c54df,Plant breeder/geneticist at Cooper Group,"Reading, Sports"
110,Ronnie,Daniels,Ronnie.Daniels@yopmail.com,Ronnie.Daniels@gmail.com,firefighter,Low,"{'id': '20fcc7c0', 'status': 'active'}",e98512cd719e73ff68de2c68e1a7b65b,"Engineer, materials at Green PLC",None
111,Kim,Velez,Kim.Velez@yopmail.com,Kim.Velez@gmail.com,doctor,Low,"{'id': 'b4f5dc94', 'status': 'active'}",b2a8e183d613557eaecf1266b7a48dce,Communications engineer at Zimmerman-Wilson,None
112,Tonya,Mcdonald,Tonya.Mcdonald@yopmail.com,Tonya.Mcdonald@gmail.com,police officer,Medium,"{'id': '87a0e4c6', 'status': 'active'}",abc7d2df2b1274c8a2555f2661530597,"Research scientist (maths) at Floyd, Moreno and Rangel",Sports
113,William,Wiggins,William.Wiggins@yopmail.com,William.Wiggins@gmail.com,doctor,Medium,"{'id': 'e883b7a6', 'status': 'active'}",869c0691ae444761de2a3d7358589ad7,Forensic psychologist at Elliott Inc,"Reading, Sports"
114,Ryan,Mcbride,Ryan.Mcbride@yopmail.com,Ryan.Mcbride@gmail.com,police officer,Low,"{'id': '2bb2afed', 'status': 'active'}",2bc8da355eaa74f51b4a632be95a6c29,"Solicitor, Scotland at Stuart, Galloway and Griffin","Reading, Sports"
115,Richard,Lawrence,Richard.Lawrence@yopmail.com,Richard.Lawrence@gmail.com,police officer,Low,"{'id': 'caeada44', 'status': 'active'}",547a83ff759ffdc631660c5c5aacaee8,"Advertising copywriter at Blake, Henderson and Graves",None
116,Linda,Adams,Linda.Adams@yopmail.com,Linda.Adams@gmail.com,firefighter,Low,"{'id': '1b8779be', 'status': 'active'}",efbad1c6f8cb986d9622a0bc082a2606,Records manager at Thompson LLC,Reading
117,Joseph,Cline,Joseph.Cline@yopmail.com,Joseph.Cline@gmail.com,police officer,Low,"{'id': '24482843', 'status': 'active'}",af14b4130337a1182ad1f80945f9f33b,"Editor, commissioning at Smith-Figueroa",Reading
118,Brian,Price,Brian.Price@yopmail.com,Brian.Price@gmail.com,doctor,Low,"{'id': '010806df', 'status': 'active'}",c94fe16d979b5d2b484bc1a8e46c547e,Careers adviser at Delgado-Clark,"Reading, Sports"
119,Xavier,Gonzalez,Xavier.Gonzalez@yopmail.com,Xavier.Gonzalez@gmail.com,firefighter,Low,"{'id': 'fe22a583', 'status': 'active'}",2ca04fb5a2c1c09271e02df64ebeb8ae,Microbiologist at Wilkins LLC,Reading
120,Brett,Osborne,Brett.Osborne@yopmail.com,Brett.Osborne@gmail.com,police officer,Low,"{'id': '135758c7', 'status': 'active'}",9af264b864ac6a06971bf401c7f459a9,English as a second language teacher at Barnes and Sons,Sports
121,Darlene,Savage,Darlene.Savage@yopmail.com,Darlene.Savage@gmail.com,doctor,Low,"{'id': 'df38f58c', 'status': 'active'}",9337367db380c7892dc96072984936e6,"Therapist, horticultural at Wall, Vaughn and Day",Sports
122,Megan,White,Megan.White@yopmail.com,Megan.White@gmail.com,police officer,Low,"{'id': '8cea6bdd', 'status': 'active'}",103ae5f123040657cd4f7ecdc420446d,"Designer, furniture at Huff-Garza",Sports
123,Cody,Cunningham,Cody.Cunningham@yopmail.com,Cody.Cunningham@gmail.com,police officer,High,"{'id': '5f224a00', 'status': 'active'}",63c7a320d6b70de38c1b6e8b493863ae,Estate manager/land agent at Davis Inc,"Reading, Sports"
124,Edward,Zhang,Edward.Zhang@yopmail.com,Edward.Zhang@gmail.com,police officer,High,"{'id': '5295e203', 'status': 'active'}",d4048d4eb1f65887065c41df34e67e0a,Haematologist at Sanchez-Kelly,None
125,Lauren,Ward,Lauren.Ward@yopmail.com,Lauren.Ward@gmail.com,doctor,Low,"{'id': '38f9cb5d', 'status': 'active'}",71f14772894a64f129f6f55411ec91e3,Architect at Velez-Price,None
126,Carrie,Todd,Carrie.Todd@yopmail.com,Carrie.Todd@gmail.com,firefighter,Medium,"{'id': '8fa73608', 'status': 'active'}",b8c352445902221112147b31435ffd2a,Interior and spatial designer at Alvarado-Coleman,None
127,Timothy,Phillips,Timothy.Phillips@yopmail.com,Timothy.Phillips@gmail.com,firefighter,Low,"{'id': 'ba6f3186', 'status': 'active'}",0ecca9d6e17a1f7533806fc8ce8b5578,Commissioning editor at Atkins PLC,"Reading, Sports"
128,Gregory,Perry,Gregory.Perry@yopmail.com,Gregory.Perry@gmail.com,doctor,Low,"{'id': '15615b97', 'status': 'active'}",ae3bfc2275a2d9871dc0973568826f23,Print production planner at Davis-Hartman,"Reading, Sports"
129,Jeanette,Herman,Jeanette.Herman@yopmail.com,Jeanette.Herman@gmail.com,police officer,Low,"{'id': 'f3a765b6', 'status': 'active'}",1449d5ab5ea7e20e7491d987b58b0cfd,Chartered legal executive (England and Wales) at Brown and Sons,Reading
130,Jeffrey,Potter,Jeffrey.Potter@yopmail.com,Jeffrey.Potter@gmail.com,police officer,Low,"{'id': 'bfb6b3ee', 'status': 'active'}",64aab0a303aa5d9a8aa6573f21c61905,"Surveyor, building at Bush-Rodriguez","Reading, Sports"
131,Lawrence,Clark,Lawrence.Clark@yopmail.com,Lawrence.Clark@gmail.com,firefighter,Low,"{'id': 'ac21969b', 'status': 'active'}",ad9eeeb2b4b12d33f14deb45db08d66c,Financial risk analyst at Mccoy LLC,"Reading, Sports"
132,Stephanie,Hinton,Stephanie.Hinton@yopmail.com,Stephanie.Hinton@gmail.com,doctor,Medium,"{'id': '82692c02', 'status': 'active'}",8188952e6e3a3d3fc88d586c876eaacf,Telecommunications researcher at Phillips-Kennedy,None
133,Jessica,Blackburn,Jessica.Blackburn@yopmail.com,Jessica.Blackburn@gmail.com,firefighter,Low,"{'id': 'c4badd85', 'status': 'active'}",f277ed2560a7b6699268730b9865afb1,Metallurgist at Murphy-Hooper,"Reading, Sports"
134,Brandi,Burke,Brandi.Burke@yopmail.com,Brandi.Burke@gmail.com,police officer,High,"{'id': '61e8c6b5', 'status': 'active'}",c2e475ef9650a79477bf6af85ada1932,"Haematologist at Lam, Miller and Little",Sports
135,Alyssa,Villa,Alyssa.Villa@yopmail.com,Alyssa.Villa@gmail.com,firefighter,Low,"{'id': '997c8b1b', 'status': 'active'}",73b5e1e7478b43198336dca62bf86651,"Quarry manager at Reyes, Little and Sanchez",Sports
136,Diane,Byrd,Diane.Byrd@yopmail.com,Diane.Byrd@gmail.com,doctor,Low,"{'id': '1dcd9baf', 'status': 'active'}",57e5e9a6e618a439afb7116a2a202f7f,"Administrator, local government at Baldwin-Wong",Reading
137,Nicole,Butler,Nicole.Butler@yopmail.com,Nicole.Butler@gmail.com,police officer,Low,"{'id': 'a935cb22', 'status': 'active'}",ba03e95712f0955fa4b54a288ad2cd46,"Designer, fashion/clothing at Robinson, Williams and Davenport","Reading, Sports"
138,Sherry,Barker,Sherry.Barker@yopmail.com,Sherry.Barker@gmail.com,firefighter,Low,"{'id': 'a71b069e', 'status': 'active'}",a7529d1b55f3152d97f0711b09b21e8d,Corporate investment banker at Chapman and Sons,Sports
139,Jeanne,Johnson,Jeanne.Johnson@yopmail.com,Jeanne.Johnson@gmail.com,doctor,Low,"{'id': '309f69b1', 'status': 'active'}",08d3242e04ea164a8c662e6bea8c9009,"Higher education lecturer at Moore, Pearson and Roberts",Reading
140,Michael,Dixon,Michael.Dixon@yopmail.com,Michael.Dixon@gmail.com,doctor,Low,"{'id': '2114fbcc', 'status': 'active'}",96f511ce330011a186d20662081d726c,Pathologist at Gordon-Clark,"Reading, Sports"
141,Theresa,Robinson,Theresa.Robinson@yopmail.com,Theresa.Robinson@gmail.com,firefighter,Medium,"{'id': 'eced54e5', 'status': 'active'}",294da037f03eb2e0cb82a302eb9eb62c,"Investment banker, operational at Hanson-Ortiz",None
142,Emily,Brady,Emily.Brady@yopmail.com,Emily.Brady@gmail.com,doctor,Medium,"{'id': 'c6e37df2', 'status': 'active'}",4c03e1fc8f136d6cbf6ba4d2653d5b70,Research scientist (maths) at Crawford-Harmon,None
143,Maria,Mitchell,Maria.Mitchell@yopmail.com,Maria.Mitchell@gmail.com,firefighter,High,"{'id': '981d8942', 'status': 'active'}",a11875c431fdeed93b39f687417adaba,"Gaffer at Butler, Ross and Quinn","Reading, Sports"
144,Yvette,Davis,Yvette.Davis@yopmail.com,Yvette.Davis@gmail.com,police officer,Low,"{'id': '7ca5ea2b', 'status': 'active'}",69e18c95d840a872665786aee6ee211f,"Insurance account manager at Baxter, Humphrey and Wells","Reading, Sports"
145,Kevin,Russo,Kevin.Russo@yopmail.com,Kevin.Russo@gmail.com,firefighter,Low,"{'id': 'e5152d2f', 'status': 'active'}",cc4311c11916b6c80942c3f27c9ac860,"Teacher, early years/pre at Cole, Hale and Owens","Reading, Sports"
146,James,Mills,James.Mills@yopmail.com,James.Mills@gmail.com,doctor,Low,"{'id': 'c60cd58b', 'status': 'active'}",8c5117509811e5903485d4ccb30c4ca5,"Water engineer at Rivera, Wade and Chavez",Reading
147,Thomas,Harrison,Thomas.Harrison@yopmail.com,Thomas.Harrison@gmail.com,doctor,Low,"{'id': 'eed7009c', 'status': 'active'}",63fb4184341cef6bf1897b8fb47ce1c1,"Engineer, maintenance (IT) at Sanchez-Day",Sports
148,Andrew,Medina,Andrew.Medina@yopmail.com,Andrew.Medina@gmail.com,police officer,Medium,"{'id': 'fa58dc4e', 'status': 'active'}",ad4e304b07d6ea89cd695908babf69ab,"Surveyor, hydrographic at Warren-Morgan",Reading
149,Theresa,Murray,Theresa.Murray@yopmail.com,Theresa.Murray@gmail.com,doctor,Medium,"{'id': '9555a590', 'status': 'active'}",45d458928e83c120dcef104d0a9efa6e,Diagnostic radiographer at Young and Sons,Reading
